date,merchant_id,customers,new_customers,repeat_customers
2026-03-20,M001,71,71,0
2026-03-20,M002,105,105,0
2026-03-20,M003,91,91,0
2026-03-20,M004,63,63,0
2026-03-21,M001,58,51,7
2026-03-21,M002,162,130,32
2026-03-21,M003,98,74,24
2026-03-21,M004,73,69,4
2026-03-22,M001,52,46,6
2026-03-22,M002,97,62,35
2026-03-22,M003,108,83,25
2026-03-22,M004,70,64,6
2026-03-23,M001,51,38,13
2026-03-23,M002,98,54,44
2026-03-23,M003,86,46,40
2026-03-23,M004,38,34,4
2026-03-24,M001,51,40,11
2026-03-24,M002,92,39,53
2026-03-24,M003,63,41,22
2026-03-24,M004,26,20,6
2026-03-25,M001,49,35,14
2026-03-25,M002,115,52,63
2026-03-25,M003,66,38,28
2026-03-25,M004,35,31,4
2026-03-26,M001,57,41,16
2026-03-26,M002,124,53,71
2026-03-26,M003,97,51,46
2026-03-26,M004,47,38,9
2026-03-27,M001,58,46,12
2026-03-27,M002,145,52,93
2026-03-27,M003,120,61,59
2026-03-27,M004,36,29,7
2026-03-28,M001,67,43,24
2026-03-28,M002,124,50,74
2026-03-28,M003,101,51,50
2026-03-28,M004,68,59,9
2026-03-29,M001,49,33,16
2026-03-29,M002,101,37,64
2026-03-29,M003,74,39,35
2026-03-29,M004,60,47,13
2026-03-30,M001,24,20,4
2026-03-30,M002,109,30,79
2026-03-30,M003,61,29,32
2026-03-30,M004,35,31,4
2026-03-31,M001,58,36,22
2026-03-31,M002,93,39,54
2026-03-31,M003,78,33,45
2026-03-31,M004,30,20,10
2026-04-01,M001,54,32,22
2026-04-01,M002,142,44,98
2026-04-01,M003,84,37,47
2026-04-01,M004,49,37,12
2026-04-02,M001,58,24,34
2026-04-02,M002,190,49,141
2026-04-02,M003,99,39,60
2026-04-02,M004,47,42,5
2026-04-03,M001,71,40,31
2026-04-03,M002,174,52,122
2026-04-03,M003,100,37,63
2026-04-03,M004,53,43,10
2026-04-04,M001,82,40,42
2026-04-04,M002,140,34,106
2026-04-04,M003,124,48,76
2026-04-04,M004,70,56,14
2026-04-05,M001,61,31,30
2026-04-05,M002,127,41,86
2026-04-05,M003,121,39,82
2026-04-05,M004,80,55,25
2026-04-06,M001,42,25,17
2026-04-06,M002,119,31,88
2026-04-06,M003,66,27,39
2026-04-06,M004,38,21,17
2026-04-07,M001,46,30,16
2026-04-07,M002,117,26,91
2026-04-07,M003,72,23,49
2026-04-07,M004,33,27,6
2026-04-08,M001,65,25,40
2026-04-08,M002,105,27,78
2026-04-08,M003,65,19,46
2026-04-08,M004,30,20,10
2026-04-09,M001,52,29,23
2026-04-09,M002,126,27,99
2026-04-09,M003,87,29,58
2026-04-09,M004,39,32,7
2026-04-10,M001,54,27,27
2026-04-10,M002,162,34,128
2026-04-10,M003,91,33,58
2026-04-10,M004,54,32,22
2026-04-11,M001,74,38,36
2026-04-11,M002,134,25,109
2026-04-11,M003,107,43,64
2026-04-11,M004,73,55,18
2026-04-12,M001,73,38,35
2026-04-12,M002,135,27,108
2026-04-12,M003,107,41,66
2026-04-12,M004,50,32,18
2026-04-13,M001,52,26,26
2026-04-13,M002,114,24,90
2026-04-13,M003,71,22,49
2026-04-13,M004,37,25,12
2026-04-14,M001,51,19,32
2026-04-14,M002,96,14,82
2026-04-14,M003,60,21,39
2026-04-14,M004,34,22,12
2026-04-15,M001,53,25,28
2026-04-15,M002,118,17,101
2026-04-15,M003,67,23,44
2026-04-15,M004,29,21,8
2026-04-16,M001,55,33,22
2026-04-16,M002,104,22,82
2026-04-16,M003,84,34,50
2026-04-16,M004,38,23,15
2026-04-17,M001,59,23,36
2026-04-17,M002,118,23,95
2026-04-17,M003,107,37,70
2026-04-17,M004,50,34,16
2026-04-18,M001,69,28,41
2026-04-18,M002,138,22,116
2026-04-18,M003,108,37,71
2026-04-18,M004,63,51,12
2026-04-19,M001,52,18,34
2026-04-19,M002,117,18,99
2026-04-19,M003,118,29,89
2026-04-19,M004,54,37,17
2026-04-20,M001,52,24,28
2026-04-20,M002,114,17,97
2026-04-20,M003,53,18,35
2026-04-20,M004,37,24,13
2026-04-21,M001,46,16,30
2026-04-21,M002,95,18,77
2026-04-21,M003,64,23,41
2026-04-21,M004,39,32,7
2026-04-22,M001,54,30,24
2026-04-22,M002,122,19,103
2026-04-22,M003,57,14,43
2026-04-22,M004,40,33,7
2026-04-23,M001,54,20,34
2026-04-23,M002,111,23,88
2026-04-23,M003,86,26,60
2026-04-23,M004,30,22,8
2026-04-24,M001,76,38,38
2026-04-24,M002,122,24,98
2026-04-24,M003,102,36,66
2026-04-24,M004,43,28,15
2026-04-25,M001,73,38,35
2026-04-25,M002,127,21,106
2026-04-25,M003,109,34,75
2026-04-25,M004,74,48,26
2026-04-26,M001,43,20,23
2026-04-26,M002,110,21,89
2026-04-26,M003,100,30,70
2026-04-26,M004,57,36,21
2026-04-27,M001,46,22,24
2026-04-27,M002,109,15,94
2026-04-27,M003,53,14,39
2026-04-27,M004,34,25,9
2026-04-28,M001,47,21,26
2026-04-28,M002,106,20,86
2026-04-28,M003,61,16,45
2026-04-28,M004,30,19,11
2026-04-29,M001,54,25,29
2026-04-29,M002,101,19,82
2026-04-29,M003,63,19,44
2026-04-29,M004,36,20,16
2026-04-30,M001,69,26,43
2026-04-30,M002,100,13,87
2026-04-30,M003,71,25,46
2026-04-30,M004,28,20,8
2026-05-01,M001,44,13,31
2026-05-01,M002,201,35,166
2026-05-01,M003,107,39,68
2026-05-01,M004,61,42,19
2026-05-02,M001,71,32,39
2026-05-02,M002,192,27,165
2026-05-02,M003,116,41,75
2026-05-02,M004,85,73,12
2026-05-03,M001,61,30,31
2026-05-03,M002,63,11,52
2026-05-03,M003,106,28,78
2026-05-03,M004,68,47,21
2026-05-04,M001,49,26,23
2026-05-04,M002,142,20,122
2026-05-04,M003,76,17,59
2026-05-04,M004,45,26,19
2026-05-05,M001,47,23,24
2026-05-05,M002,137,20,117
2026-05-05,M003,81,24,57
2026-05-05,M004,45,27,18
2026-05-06,M001,55,24,31
2026-05-06,M002,103,14,89
2026-05-06,M003,66,14,52
2026-05-06,M004,39,25,14
2026-05-07,M001,76,28,48
2026-05-07,M002,130,18,112
2026-05-07,M003,93,31,62
2026-05-07,M004,47,27,20
2026-05-08,M001,54,19,35
2026-05-08,M002,132,24,108
2026-05-08,M003,108,24,84
2026-05-08,M004,58,37,21
2026-05-09,M001,79,42,37
2026-05-09,M002,153,20,133
2026-05-09,M003,121,37,84
2026-05-09,M004,58,40,18
2026-05-10,M001,65,27,38
2026-05-10,M002,118,20,98
2026-05-10,M003,92,31,61
2026-05-10,M004,53,39,14
2026-05-11,M001,51,23,28
2026-05-11,M002,97,15,82
2026-05-11,M003,48,15,33
2026-05-11,M004,33,23,10
2026-05-12,M001,40,17,23
2026-05-12,M002,105,11,94
2026-05-12,M003,58,12,46
2026-05-12,M004,26,17,9
2026-05-13,M001,53,26,27
2026-05-13,M002,130,24,106
2026-05-13,M003,55,16,39
2026-05-13,M004,41,28,13
2026-05-14,M001,55,23,32
2026-05-14,M002,110,16,94
2026-05-14,M003,68,10,58
2026-05-14,M004,45,32,13
2026-05-15,M001,46,15,31
2026-05-15,M002,129,23,106
2026-05-15,M003,99,29,70
2026-05-15,M004,53,33,20
2026-05-16,M001,64,26,38
2026-05-16,M002,150,28,122
2026-05-16,M003,110,34,76
2026-05-16,M004,64,52,12
2026-05-17,M001,49,18,31
2026-05-17,M002,96,14,82
2026-05-17,M003,95,30,65
2026-05-17,M004,68,50,18
2026-05-18,M001,47,25,22
2026-05-18,M002,117,15,102
2026-05-18,M003,74,18,56
2026-05-18,M004,34,22,12
2026-05-19,M001,46,22,24
2026-05-19,M002,116,11,105
2026-05-19,M003,60,20,40
2026-05-19,M004,43,28,15
2026-05-20,M001,50,21,29
2026-05-20,M002,113,19,94
2026-05-20,M003,59,17,42
2026-05-20,M004,35,23,12
2026-05-21,M001,46,23,23
2026-05-21,M002,107,9,98
2026-05-21,M003,82,31,51
2026-05-21,M004,50,32,18
2026-05-22,M001,58,23,35
2026-05-22,M002,150,21,129
2026-05-22,M003,85,25,60
2026-05-22,M004,48,30,18
2026-05-23,M001,59,29,30
2026-05-23,M002,125,19,106
2026-05-23,M003,76,14,62
2026-05-23,M004,61,31,30
2026-05-24,M001,54,21,33
2026-05-24,M002,107,10,97
2026-05-24,M003,85,23,62
2026-05-24,M004,65,41,24
2026-05-25,M001,65,25,40
2026-05-25,M002,115,16,99
2026-05-25,M003,61,15,46
2026-05-25,M004,30,20,10
2026-05-26,M001,35,18,17
2026-05-26,M002,114,13,101
2026-05-26,M003,57,12,45
2026-05-26,M004,34,26,8
2026-05-27,M001,40,17,23
2026-05-27,M002,114,24,90
2026-05-27,M003,61,16,45
2026-05-27,M004,30,22,8
2026-05-28,M001,54,23,31
2026-05-28,M002,127,26,101
2026-05-28,M003,83,27,56
2026-05-28,M004,53,38,15
2026-05-29,M001,63,21,42
2026-05-29,M002,129,19,110
2026-05-29,M003,100,28,72
2026-05-29,M004,35,22,13
2026-05-30,M001,72,33,39
2026-05-30,M002,149,17,132
2026-05-30,M003,101,27,74
2026-05-30,M004,71,50,21
2026-05-31,M001,59,21,38
2026-05-31,M002,109,18,91
2026-05-31,M003,97,27,70
2026-05-31,M004,59,41,18
2026-06-01,M001,71,33,38
2026-06-01,M002,137,20,117
2026-06-01,M003,62,18,44
2026-06-01,M004,42,24,18
2026-06-02,M001,46,20,26
2026-06-02,M002,155,22,133
2026-06-02,M003,54,16,38
2026-06-02,M004,33,23,10
2026-06-03,M001,71,30,41
2026-06-03,M002,190,27,163
2026-06-03,M003,64,18,46
2026-06-03,M004,48,32,16
2026-06-04,M001,69,23,46
2026-06-04,M002,150,23,127
2026-06-04,M003,71,19,52
2026-06-04,M004,80,52,28
2026-06-05,M001,100,43,57
2026-06-05,M002,166,20,146
2026-06-05,M003,92,22,70
2026-06-05,M004,149,95,54
2026-06-06,M001,78,37,41
2026-06-06,M002,206,24,182
2026-06-06,M003,119,32,87
2026-06-06,M004,108,71,37
2026-06-07,M001,61,22,39
2026-06-07,M002,117,16,101
2026-06-07,M003,108,26,82
2026-06-07,M004,48,36,12
2026-06-08,M001,63,24,39
2026-06-08,M002,133,16,117
2026-06-08,M003,68,21,47
2026-06-08,M004,61,40,21
2026-06-09,M001,71,32,39
2026-06-09,M002,124,17,107
2026-06-09,M003,59,15,44
2026-06-09,M004,73,45,28
2026-06-10,M001,63,32,31
2026-06-10,M002,95,7,88
2026-06-10,M003,66,22,44
2026-06-10,M004,52,36,16
2026-06-11,M001,53,18,35
2026-06-11,M002,134,15,119
2026-06-11,M003,95,34,61
2026-06-11,M004,37,27,10
2026-06-12,M001,65,31,34
2026-06-12,M002,107,18,89
2026-06-12,M003,87,36,51
2026-06-12,M004,42,25,17
2026-06-13,M001,73,38,35
2026-06-13,M002,167,33,134
2026-06-13,M003,93,27,66
2026-06-13,M004,71,58,13
2026-06-14,M001,57,20,37
2026-06-14,M002,124,16,108
2026-06-14,M003,77,24,53
2026-06-14,M004,65,51,14
2026-06-15,M001,54,19,35
2026-06-15,M002,123,13,110
2026-06-15,M003,48,15,33
2026-06-15,M004,35,24,11
2026-06-16,M001,50,19,31
2026-06-16,M002,116,22,94
2026-06-16,M003,58,19,39
2026-06-16,M004,38,28,10
2026-06-17,M001,54,27,27
2026-06-17,M002,106,14,92
2026-06-17,M003,60,13,47
2026-06-17,M004,34,21,13
2026-06-18,M001,51,22,29
2026-06-18,M002,118,14,104
2026-06-18,M003,72,17,55
2026-06-18,M004,38,27,11
2026-06-19,M001,62,31,31
2026-06-19,M002,133,14,119
2026-06-19,M003,77,20,57
2026-06-19,M004,50,29,21
2026-06-20,M001,96,41,55
2026-06-20,M002,149,19,130
2026-06-20,M003,97,31,66
2026-06-20,M004,64,48,16
2026-06-21,M001,70,36,34
2026-06-21,M002,97,14,83
2026-06-21,M003,104,38,66
2026-06-21,M004,58,30,28
2026-06-22,M001,52,20,32
2026-06-22,M002,120,18,102
2026-06-22,M003,97,25,72
2026-06-22,M004,39,26,13
2026-06-23,M001,55,17,38
2026-06-23,M002,99,17,82
2026-06-23,M003,57,14,43
2026-06-23,M004,43,28,15
2026-06-24,M001,56,22,34
2026-06-24,M002,101,17,84
2026-06-24,M003,77,20,57
2026-06-24,M004,38,26,12
2026-06-25,M001,42,16,26
2026-06-25,M002,112,21,91
2026-06-25,M003,69,19,50
2026-06-25,M004,49,35,14
2026-06-26,M001,67,26,41
2026-06-26,M002,141,22,119
2026-06-26,M003,80,21,59
2026-06-26,M004,50,34,16
2026-06-27,M001,82,28,54
2026-06-27,M002,152,21,131
2026-06-27,M003,77,16,61
2026-06-27,M004,62,45,17
2026-06-28,M001,54,21,33
2026-06-28,M002,106,14,92
2026-06-28,M003,100,28,72
2026-06-28,M004,74,48,26
2026-06-29,M001,43,11,32
2026-06-29,M002,142,16,126
2026-06-29,M003,68,17,51
2026-06-29,M004,43,30,13
2026-06-30,M001,53,27,26
2026-06-30,M002,103,16,87
2026-06-30,M003,53,18,35
2026-06-30,M004,30,19,11
2026-07-01,M001,62,28,34
2026-07-01,M002,148,15,133
2026-07-01,M003,69,22,47
2026-07-01,M004,40,28,12
2026-07-02,M001,47,24,23
2026-07-02,M002,155,26,129
2026-07-02,M003,64,16,48
2026-07-02,M004,51,37,14
2026-07-03,M001,99,48,51
2026-07-03,M002,201,27,174
2026-07-03,M003,77,19,58
2026-07-03,M004,91,62,29
2026-07-04,M001,77,25,52
2026-07-04,M002,192,21,171
2026-07-04,M003,93,16,77
2026-07-04,M004,70,56,14
2026-07-05,M001,72,28,44
2026-07-05,M002,150,22,128
2026-07-05,M003,86,24,62
2026-07-05,M004,78,52,26
2026-07-06,M001,51,16,35
2026-07-06,M002,115,22,93
2026-07-06,M003,48,10,38
2026-07-06,M004,26,22,4
2026-07-07,M001,46,25,21
2026-07-07,M002,120,20,100
2026-07-07,M003,51,18,33
2026-07-07,M004,40,24,16
2026-07-08,M001,54,23,31
2026-07-08,M002,142,17,125
2026-07-08,M003,60,11,49
2026-07-08,M004,47,29,18
2026-07-09,M001,68,26,42
2026-07-09,M002,134,13,121
2026-07-09,M003,69,19,50
2026-07-09,M004,53,33,20
2026-07-10,M001,60,24,36
2026-07-10,M002,120,15,105
2026-07-10,M003,108,40,68
2026-07-10,M004,69,47,22
2026-07-11,M001,88,34,54
2026-07-11,M002,142,16,126
2026-07-11,M003,80,21,59
2026-07-11,M004,68,40,28
2026-07-12,M001,48,25,23
2026-07-12,M002,127,18,109
2026-07-12,M003,97,32,65
2026-07-12,M004,57,41,16
2026-07-13,M001,48,23,25
2026-07-13,M002,120,18,102
2026-07-13,M003,56,10,46
2026-07-13,M004,32,20,12
2026-07-14,M001,59,22,37
2026-07-14,M002,145,18,127
2026-07-14,M003,57,16,41
2026-07-14,M004,31,21,10
2026-07-15,M001,74,33,41
2026-07-15,M002,108,20,88
2026-07-15,M003,80,29,51
2026-07-15,M004,34,18,16
2026-07-16,M001,46,14,32
2026-07-16,M002,87,11,76
2026-07-16,M003,73,18,55
2026-07-16,M004,43,28,15
2026-07-17,M001,49,19,30
2026-07-17,M002,142,17,125
2026-07-17,M003,86,31,55
2026-07-17,M004,55,34,21
2026-07-18,M001,68,31,37
2026-07-18,M002,142,20,122
2026-07-18,M003,110,36,74
2026-07-18,M004,61,41,20
2026-07-19,M001,79,32,47
2026-07-19,M002,108,13,95
2026-07-19,M003,90,23,67
2026-07-19,M004,66,41,25
2026-07-20,M001,37,19,18
2026-07-20,M002,123,17,106
2026-07-20,M003,58,15,43
2026-07-20,M004,36,26,10
2026-07-21,M001,58,19,39
2026-07-21,M002,113,15,98
2026-07-21,M003,66,15,51
2026-07-21,M004,45,31,14
2026-07-22,M001,68,30,38
2026-07-22,M002,107,16,91
2026-07-22,M003,54,19,35
2026-07-22,M004,39,28,11
2026-07-23,M001,55,19,36
2026-07-23,M002,154,23,131
2026-07-23,M003,74,21,53
2026-07-23,M004,34,25,9
2026-07-24,M001,77,28,49
2026-07-24,M002,158,29,129
2026-07-24,M003,84,24,60
2026-07-24,M004,53,39,14
2026-07-25,M001,80,36,44
2026-07-25,M002,130,21,109
2026-07-25,M003,81,29,52
2026-07-25,M004,66,44,22
2026-07-26,M001,62,21,41
2026-07-26,M002,118,26,92
2026-07-26,M003,81,21,60
2026-07-26,M004,61,41,20
2026-07-27,M001,54,23,31
2026-07-27,M002,128,17,111
2026-07-27,M003,49,16,33
2026-07-27,M004,38,27,11
2026-07-28,M001,62,34,28
2026-07-28,M002,117,15,102
2026-07-28,M003,60,17,43
2026-07-28,M004,41,23,18
2026-07-29,M001,59,33,26
2026-07-29,M002,116,18,98
2026-07-29,M003,78,21,57
2026-07-29,M004,31,17,14
2026-07-30,M001,37,16,21
2026-07-30,M002,126,15,111
2026-07-30,M003,73,31,42
2026-07-30,M004,47,32,15
2026-07-31,M001,73,33,40
2026-07-31,M002,117,21,96
2026-07-31,M003,71,26,45
2026-07-31,M004,55,35,20
2026-08-01,M001,90,41,49
2026-08-01,M002,182,20,162
2026-08-01,M003,83,22,61
2026-08-01,M004,86,56,30
2026-08-02,M001,83,35,48
2026-08-02,M002,158,26,132
2026-08-02,M003,92,24,68
2026-08-02,M004,72,45,27
2026-08-03,M001,82,31,51
2026-08-03,M002,140,19,121
2026-08-03,M003,63,19,44
2026-08-03,M004,43,28,15
2026-08-04,M001,65,26,39
2026-08-04,M002,158,29,129
2026-08-04,M003,67,21,46
2026-08-04,M004,39,25,14
2026-08-05,M001,46,20,26
2026-08-05,M002,158,23,135
2026-08-05,M003,53,20,33
2026-08-05,M004,42,25,17
2026-08-06,M001,68,30,38
2026-08-06,M002,118,15,103
2026-08-06,M003,69,22,47
2026-08-06,M004,41,24,17
2026-08-07,M001,70,34,36
2026-08-07,M002,102,13,89
2026-08-07,M003,62,23,39
2026-08-07,M004,57,40,17
2026-08-08,M001,82,29,53
2026-08-08,M002,164,26,138
2026-08-08,M003,75,27,48
2026-08-08,M004,78,53,25
2026-08-09,M001,51,22,29
2026-08-09,M002,120,19,101
2026-08-09,M003,96,37,59
2026-08-09,M004,78,47,31
2026-08-10,M001,48,22,26
2026-08-10,M002,127,21,106
2026-08-10,M003,54,21,33
2026-08-10,M004,36,26,10
2026-08-11,M001,47,22,25
2026-08-11,M002,95,12,83
2026-08-11,M003,50,21,29
2026-08-11,M004,30,23,7
2026-08-12,M001,56,22,34
2026-08-12,M002,131,11,120
2026-08-12,M003,77,35,42
2026-08-12,M004,54,33,21
2026-08-13,M001,49,20,29
2026-08-13,M002,104,11,93
2026-08-13,M003,62,21,41
2026-08-13,M004,41,26,15
2026-08-14,M001,71,36,35
2026-08-14,M002,152,23,129
2026-08-14,M003,92,35,57
2026-08-14,M004,57,36,21
2026-08-15,M001,71,26,45
2026-08-15,M002,144,18,126
2026-08-15,M003,94,27,67
2026-08-15,M004,78,48,30
2026-08-16,M001,77,37,40
2026-08-16,M002,156,26,130
2026-08-16,M003,92,32,60
2026-08-16,M004,59,40,19
2026-08-17,M001,58,28,30
2026-08-17,M002,127,25,102
2026-08-17,M003,60,30,30
2026-08-17,M004,46,24,22
2026-08-18,M001,46,15,31
2026-08-18,M002,87,12,75
2026-08-18,M003,47,18,29
2026-08-18,M004,34,24,10
2026-08-19,M001,48,22,26
2026-08-19,M002,107,12,95
2026-08-19,M003,65,29,36
2026-08-19,M004,50,37,13
2026-08-20,M001,94,37,57
2026-08-20,M002,142,24,118
2026-08-20,M003,62,24,38
2026-08-20,M004,50,33,17
2026-08-21,M001,67,27,40
2026-08-21,M002,140,15,125
2026-08-21,M003,86,36,50
2026-08-21,M004,90,59,31
2026-08-22,M001,81,39,42
2026-08-22,M002,144,19,125
2026-08-22,M003,66,25,41
2026-08-22,M004,83,58,25
2026-08-23,M001,38,11,27
2026-08-23,M002,136,25,111
2026-08-23,M003,88,33,55
2026-08-23,M004,102,52,50
2026-08-24,M001,85,33,52
2026-08-24,M002,141,15,126
2026-08-24,M003,77,34,43
2026-08-24,M004,47,28,19
2026-08-25,M001,78,35,43
2026-08-25,M002,112,20,92
2026-08-25,M003,57,18,39
2026-08-25,M004,72,48,24
2026-08-26,M001,99,43,56
2026-08-26,M002,140,22,118
2026-08-26,M003,54,18,36
2026-08-26,M004,89,66,23
2026-08-27,M001,89,32,57
2026-08-27,M002,133,21,112
2026-08-27,M003,63,24,39
2026-08-27,M004,94,54,40
2026-08-28,M001,86,31,55
2026-08-28,M002,172,25,147
2026-08-28,M003,86,35,51
2026-08-28,M004,116,70,46
2026-08-29,M001,109,38,71
2026-08-29,M002,163,22,141
2026-08-29,M003,89,42,47
2026-08-29,M004,95,69,26
2026-08-30,M001,79,40,39
2026-08-30,M002,184,26,158
2026-08-30,M003,81,24,57
2026-08-30,M004,111,72,39
2026-08-31,M001,71,31,40
2026-08-31,M002,108,17,91
2026-08-31,M003,61,21,40
2026-08-31,M004,95,63,32
2026-09-01,M001,87,31,56
2026-09-01,M002,204,23,181
2026-09-01,M003,52,19,33
2026-09-01,M004,90,70,20
2026-09-02,M001,69,29,40
2026-09-02,M002,156,21,135
2026-09-02,M003,64,24,40
2026-09-02,M004,90,66,24
2026-09-03,M001,69,30,39
2026-09-03,M002,158,14,144
2026-09-03,M003,64,33,31
2026-09-03,M004,78,52,26
2026-09-04,M001,88,43,45
2026-09-04,M002,163,31,132
2026-09-04,M003,68,25,43
2026-09-04,M004,46,29,17
2026-09-05,M001,70,25,45
2026-09-05,M002,131,14,117
2026-09-05,M003,117,44,73
2026-09-05,M004,80,62,18
2026-09-06,M001,58,27,31
2026-09-06,M002,117,21,96
2026-09-06,M003,67,33,34
2026-09-06,M004,61,39,22
2026-09-07,M001,61,30,31
2026-09-07,M002,125,15,110
2026-09-07,M003,44,16,28
2026-09-07,M004,32,26,6
2026-09-08,M001,63,20,43
2026-09-08,M002,125,15,110
2026-09-08,M003,49,22,27
2026-09-08,M004,25,15,10
2026-09-09,M001,52,16,36
2026-09-09,M002,110,9,101
2026-09-09,M003,61,21,40
2026-09-09,M004,33,25,8
2026-09-10,M001,50,31,19
2026-09-10,M002,121,18,103
2026-09-10,M003,47,12,35
2026-09-10,M004,69,43,26
2026-09-11,M001,65,31,34
2026-09-11,M002,125,20,105
2026-09-11,M003,60,24,36
2026-09-11,M004,72,49,23
2026-09-12,M001,66,32,34
2026-09-12,M002,148,20,128
2026-09-12,M003,69,31,38
2026-09-12,M004,74,52,22
2026-09-13,M001,68,24,44
2026-09-13,M002,104,14,90
2026-09-13,M003,63,30,33
2026-09-13,M004,58,43,15
2026-09-14,M001,60,33,27
2026-09-14,M002,125,11,114
2026-09-14,M003,44,14,30
2026-09-14,M004,44,30,14
2026-09-15,M001,57,23,34
2026-09-15,M002,133,19,114
2026-09-15,M003,51,24,27
2026-09-15,M004,42,27,15
